1786229728.062622693,card0,29.0,29.0,28.0,(219Mhz),1,(582Mhz),1,(96Mhz),0,(0Mhz),S,(417Mhz),0,1 (16.0GT/s x16),10.0
1786229729.146130301,card0,29.0,29.0,28.0,(219Mhz),1,(582Mhz),1,(96Mhz),0,(0Mhz),S,(417Mhz),0,1 (16.0GT/s x16),10.0
1786229730.232059853,card0,29.0,29.0,28.0,(219Mhz),1,(582Mhz),1,(96Mhz),0,(0Mhz),S,(417Mhz),0,1 (16.0GT/s x16),10.0
1786229731.314910039,card0,29.0,29.0,28.0,(219Mhz),1,(582Mhz),1,(96Mhz),0,(0Mhz),S,(417Mhz),0,1 (16.0GT/s x16),11.0
1786229732.396790933,card0,29.0,29.0,28.0,(219Mhz),1,(582Mhz),1,(96Mhz),0,(0Mhz),S,(417Mhz),0,1 (16.0GT/s x16),11.0
1786229733.480109229,card0,29.0,29.0,28.0,(219Mhz),1,(582Mhz),1,(96Mhz),0,(0Mhz),S,(417Mhz),0,1 (16.0GT/s x16),10.0
1786229734.564798749,card0,29.0,30.0,28.0,(219Mhz),1,(1410Mhz),1,(772Mhz),2,(41Mhz),S,(800Mhz),1,1 (16.0GT/s x16),30.0
1786229735.648410885,card0,29.0,31.0,30.0,(219Mhz),1,(1410Mhz),1,(772Mhz),2,(2813Mhz),1,(800Mhz),1,1 (16.0GT/s x16),36.0
1786229736.733805109,card0,29.0,30.0,30.0,(219Mhz),1,(582Mhz),1,(96Mhz),0,(41Mhz),S,(417Mhz),0,1 (16.0GT/s x16),13.0
1786229737.819927908,card0,29.0,31.0,30.0,(219Mhz),1,(1537Mhz),1,(875Mhz),3,(41Mhz),S,(872Mhz),1,1 (16.0GT/s x16),32.0
1786229738.905511209,card0,29.0,30.0,28.0,(219Mhz),1,(1848Mhz),1,(1124Mhz),4,(41Mhz),S,(1129Mhz),1,1 (16.0GT/s x16),41.0
1786229739.988718512,card0,32.0,53.0,34.0,(219Mhz),1,(2016Mhz),1,(1258Mhz),5,(2724Mhz),1,(1280Mhz),1,1 (16.0GT/s x16),277.0
1786229741.066153888,card0,33.0,70.0,34.0,(219Mhz),1,(2016Mhz),1,(1258Mhz),5,(3163Mhz),1,(1280Mhz),1,1 (16.0GT/s x16),233.0
1786229742.148294224,card0,34.0,71.0,36.0,(219Mhz),1,(2016Mhz),1,(1258Mhz),5,(3029Mhz),1,(1280Mhz),1,1 (16.0GT/s x16),135.0
1786229743.233453302,card0,36.0,59.0,38.0,(219Mhz),1,(2016Mhz),1,(1258Mhz),5,(2802Mhz),1,(1280Mhz),1,1 (16.0GT/s x16),301.0
1786229744.320278906,card0,38.0,59.0,40.0,(219Mhz),1,(2016Mhz),1,(1258Mhz),5,(2469Mhz),1,(1280Mhz),1,1 (16.0GT/s x16),298.0
1786229745.407102757,card0,39.0,60.0,42.0,(219Mhz),1,(2016Mhz),1,(1258Mhz),5,(2473Mhz),1,(1280Mhz),1,1 (16.0GT/s x16),294.0
1786229746.485204400,card0,40.0,62.0,44.0,(219Mhz),1,(2016Mhz),1,(1258Mhz),5,(2912Mhz),1,(1280Mhz),1,1 (16.0GT/s x16),270.0
1786229747.565835629,card0,39.0,42.0,40.0,(219Mhz),1,(582Mhz),1,(96Mhz),0,(0Mhz),S,(417Mhz),0,1 (16.0GT/s x16),10.0
1786229748.667023434,card0,38.0,40.0,38.0,(219Mhz),1,(582Mhz),1,(96Mhz),0,(0Mhz),S,(417Mhz),0,1 (16.0GT/s x16),10.0
1786229749.750707222,card0,38.0,39.0,37.0,(219Mhz),1,(582Mhz),1,(96Mhz),0,(0Mhz),S,(417Mhz),0,1 (16.0GT/s x16),10.0
1786229750.833886401,card0,37.0,39.0,36.0,(219Mhz),1,(582Mhz),1,(96Mhz),0,(0Mhz),S,(417Mhz),0,1 (16.0GT/s x16),10.0
1786229751.918637347,card0,37.0,38.0,36.0,(219Mhz),1,(582Mhz),1,(96Mhz),0,(0Mhz),S,(417Mhz),0,1 (16.0GT/s x16),10.0
1786229753.004480883,card0,37.0,38.0,36.0,(219Mhz),1,(582Mhz),1,(96Mhz),0,(0Mhz),S,(417Mhz),0,1 (16.0GT/s x16),10.0
1786229754.085701006,card0,37.0,39.0,37.0,(219Mhz),1,(1537Mhz),1,(875Mhz),3,(2847Mhz),1,(1200Mhz),1,1 (16.0GT/s x16),43.0
1786229755.173524109,card0,37.0,39.0,38.0,(219Mhz),1,(1537Mhz),1,(875Mhz),3,(2848Mhz),1,(872Mhz),1,1 (16.0GT/s x16),39.0
1786229756.255695827,card0,37.0,38.0,36.0,(219Mhz),1,(582Mhz),1,(96Mhz),0,(32Mhz),S,(417Mhz),0,1 (16.0GT/s x16),14.0
1786229757.344088802,card0,37.0,39.0,38.0,(219Mhz),1,(1848Mhz),1,(1124Mhz),4,(41Mhz),S,(1129Mhz),1,1 (16.0GT/s x16),41.0
1786229758.430723956,card0,37.0,38.0,36.0,(219Mhz),1,(1978Mhz),1,(772Mhz),2,(41Mhz),S,(800Mhz),1,1 (16.0GT/s x16),31.0
1786229759.512582475,card0,39.0,69.0,40.0,(219Mhz),1,(2016Mhz),1,(1258Mhz),5,(3105Mhz),1,(1280Mhz),1,1 (16.0GT/s x16),325.0
1786229760.597007260,card0,40.0,77.0,42.0,(219Mhz),1,(2016Mhz),1,(1258Mhz),5,(3009Mhz),1,(1280Mhz),1,1 (16.0GT/s x16),303.0
1786229761.680366211,card0,42.0,68.0,44.0,(219Mhz),1,(2016Mhz),1,(1258Mhz),5,(2696Mhz),1,(1280Mhz),1,1 (16.0GT/s x16),347.0
1786229762.758211069,card0,44.0,65.0,46.0,(219Mhz),1,(2016Mhz),1,(1258Mhz),5,(2684Mhz),1,(1280Mhz),1,1 (16.0GT/s x16),315.0
1786229763.843374017,card0,45.0,65.0,48.0,(219Mhz),1,(2016Mhz),1,(1258Mhz),5,(2653Mhz),1,(1280Mhz),1,1 (16.0GT/s x16),332.0
1786229764.927919815,card0,46.0,66.0,49.0,(219Mhz),1,(2016Mhz),1,(1258Mhz),5,(2426Mhz),1,(1280Mhz),1,1 (16.0GT/s x16),309.0
1786229766.009863212,card0,47.0,66.0,50.0,(219Mhz),1,(1848Mhz),1,(1124Mhz),4,(41Mhz),S,(1129Mhz),1,1 (16.0GT/s x16),43.0
1786229767.093036921,card0,46.0,48.0,46.0,(219Mhz),1,(582Mhz),1,(96Mhz),0,(0Mhz),S,(417Mhz),0,1 (16.0GT/s x16),10.0
1786229768.200954281,card0,45.0,46.0,44.0,(219Mhz),1,(582Mhz),1,(96Mhz),0,(0Mhz),S,(417Mhz),0,1 (16.0GT/s x16),10.0
1786229769.288726297,card0,44.0,46.0,44.0,(219Mhz),1,(582Mhz),1,(96Mhz),0,(0Mhz),S,(417Mhz),0,1 (16.0GT/s x16),11.0
1786229770.374854222,card0,44.0,45.0,43.0,(219Mhz),1,(582Mhz),1,(96Mhz),0,(0Mhz),S,(417Mhz),0,1 (16.0GT/s x16),10.0
1786229771.458661320,card0,44.0,45.0,42.0,(219Mhz),1,(582Mhz),1,(96Mhz),0,(0Mhz),S,(417Mhz),0,1 (16.0GT/s x16),10.0
1786229772.539586882,card0,44.0,45.0,42.0,(219Mhz),1,(1410Mhz),1,(772Mhz),2,(95Mhz),S,(800Mhz),1,1 (16.0GT/s x16),33.0
1786229773.625484479,card0,44.0,45.0,44.0,(219Mhz),1,(1537Mhz),1,(875Mhz),3,(2854Mhz),1,(872Mhz),1,1 (16.0GT/s x16),44.0
1786229774.706565110,card0,44.0,45.0,44.0,(219Mhz),1,(1537Mhz),1,(875Mhz),3,(2853Mhz),1,(872Mhz),1,1 (16.0GT/s x16),46.0
1786229775.789468879,card0,43.0,45.0,43.0,(219Mhz),1,(582Mhz),1,(96Mhz),0,(41Mhz),S,(417Mhz),0,1 (16.0GT/s x16),15.0
1786229776.868950149,card0,43.0,45.0,43.0,(219Mhz),1,(1410Mhz),1,(772Mhz),2,(41Mhz),S,(800Mhz),1,1 (16.0GT/s x16),32.0
1786229777.955698797,card0,43.0,48.0,43.0,(219Mhz),1,(2016Mhz),1,(1258Mhz),5,(2985Mhz),1,(1280Mhz),1,1 (16.0GT/s x16),258.0
1786229779.039453019,card0,45.0,74.0,47.0,(219Mhz),1,(2016Mhz),1,(1258Mhz),5,(2933Mhz),1,(1280Mhz),1,1 (16.0GT/s x16),285.0
1786229780.123086288,card0,47.0,82.0,48.0,(219Mhz),1,(2016Mhz),1,(1258Mhz),5,(2948Mhz),1,(1280Mhz),1,1 (16.0GT/s x16),291.0
1786229781.204309039,card0,49.0,70.0,50.0,(219Mhz),1,(2016Mhz),1,(1258Mhz),5,(2615Mhz),1,(1280Mhz),1,1 (16.0GT/s x16),285.0
1786229782.289277048,card0,50.0,71.0,52.0,(219Mhz),1,(2016Mhz),1,(1258Mhz),5,(2636Mhz),1,(1280Mhz),1,1 (16.0GT/s x16),303.0
1786229783.366758094,card0,51.0,71.0,54.0,(219Mhz),1,(2016Mhz),1,(1258Mhz),5,(2395Mhz),1,(1280Mhz),1,1 (16.0GT/s x16),301.0
1786229784.449303353,card0,52.0,72.0,56.0,(219Mhz),1,(2016Mhz),1,(1258Mhz),5,(2542Mhz),1,(1280Mhz),1,1 (16.0GT/s x16),289.0
1786229785.531197123,card0,53.0,60.0,54.0,(219Mhz),1,(1537Mhz),1,(875Mhz),3,(41Mhz),S,(872Mhz),1,1 (16.0GT/s x16),35.0
1786229786.612596605,card0,51.0,52.0,50.0,(219Mhz),1,(582Mhz),1,(96Mhz),0,(0Mhz),S,(417Mhz),0,1 (16.0GT/s x16),11.0
1786229787.697765677,card0,50.0,51.0,50.0,(219Mhz),1,(582Mhz),1,(96Mhz),0,(0Mhz),S,(417Mhz),0,1 (16.0GT/s x16),11.0
1786229788.780678992,card0,50.0,51.0,49.0,(219Mhz),1,(582Mhz),1,(96Mhz),0,(0Mhz),S,(417Mhz),0,1 (16.0GT/s x16),11.0
1786229789.865617258,card0,49.0,50.0,48.0,(219Mhz),1,(582Mhz),1,(96Mhz),0,(0Mhz),S,(417Mhz),0,1 (16.0GT/s x16),11.0
1786229790.954127451,card0,49.0,50.0,48.0,(219Mhz),1,(582Mhz),1,(96Mhz),0,(0Mhz),S,(417Mhz),0,1 (16.0GT/s x16),11.0
1786229792.036268112,card0,49.0,50.0,48.0,(219Mhz),1,(1537Mhz),1,(875Mhz),3,(2858Mhz),1,(1200Mhz),1,1 (16.0GT/s x16),45.0
1786229793.120000338,card0,49.0,50.0,48.0,(219Mhz),1,(1537Mhz),1,(875Mhz),3,(2859Mhz),1,(872Mhz),1,1 (16.0GT/s x16),44.0
1786229794.197565704,card0,49.0,50.0,48.0,(219Mhz),1,(1537Mhz),1,(875Mhz),3,(2290Mhz),1,(872Mhz),1,1 (16.0GT/s x16),47.0
1786229795.277949380,card0,48.0,50.0,48.0,(219Mhz),1,(582Mhz),1,(96Mhz),0,(32Mhz),S,(417Mhz),0,1 (16.0GT/s x16),15.0
1786229796.360727870,card0,48.0,50.0,48.0,(219Mhz),1,(1020Mhz),1,(456Mhz),1,(32Mhz),S,(480Mhz),1,1 (16.0GT/s x16),31.0
1786229797.445414249,card0,48.0,55.0,48.0,(219Mhz),1,(2016Mhz),1,(1258Mhz),5,(2926Mhz),1,(1280Mhz),1,1 (16.0GT/s x16),330.0
1786229798.527124813,card0,49.0,77.0,51.0,(219Mhz),1,(2016Mhz),1,(1258Mhz),5,(2962Mhz),1,(1280Mhz),1,1 (16.0GT/s x16),296.0
1786229799.610657485,card0,51.0,85.0,52.0,(219Mhz),1,(2016Mhz),1,(1258Mhz),5,(2985Mhz),1,(1280Mhz),1,1 (16.0GT/s x16),287.0
1786229800.694667851,card0,52.0,80.0,54.0,(219Mhz),1,(2016Mhz),1,(1258Mhz),5,(2614Mhz),1,(1280Mhz),1,1 (16.0GT/s x16),293.0
1786229801.772984102,card0,53.0,74.0,56.0,(219Mhz),1,(2016Mhz),1,(1258Mhz),5,(2817Mhz),1,(1280Mhz),1,1 (16.0GT/s x16),126.0
1786229802.854675288,card0,54.0,73.0,58.0,(219Mhz),1,(2016Mhz),1,(1258Mhz),5,(2610Mhz),1,(1280Mhz),1,1 (16.0GT/s x16),320.0
1786229803.940413837,card0,55.0,75.0,60.0,(219Mhz),1,(2016Mhz),1,(1258Mhz),5,(2350Mhz),1,(1280Mhz),1,1 (16.0GT/s x16),296.0
1786229805.024568217,card0,56.0,71.0,59.0,(219Mhz),1,(1410Mhz),1,(772Mhz),2,(41Mhz),S,(800Mhz),1,1 (16.0GT/s x16),35.0
1786229806.107696363,card0,55.0,57.0,55.0,(219Mhz),1,(582Mhz),1,(96Mhz),0,(0Mhz),S,(417Mhz),0,1 (16.0GT/s x16),11.0
1786229807.190705496,card0,54.0,55.0,54.0,(219Mhz),1,(582Mhz),1,(96Mhz),0,(0Mhz),S,(417Mhz),0,1 (16.0GT/s x16),11.0
1786229808.274524726,card0,53.0,54.0,52.0,(219Mhz),1,(582Mhz),1,(96Mhz),0,(0Mhz),S,(417Mhz),0,1 (16.0GT/s x16),11.0
1786229809.358957471,card0,52.0,53.0,52.0,(219Mhz),1,(582Mhz),1,(96Mhz),0,(0Mhz),S,(417Mhz),0,1 (16.0GT/s x16),11.0
1786229810.443819728,card0,52.0,53.0,51.0,(219Mhz),1,(582Mhz),1,(96Mhz),0,(0Mhz),S,(417Mhz),0,1 (16.0GT/s x16),11.0
1786229811.528784515,card0,51.0,52.0,50.0,(219Mhz),1,(1978Mhz),1,(875Mhz),3,(2794Mhz),1,(1200Mhz),1,1 (16.0GT/s x16),45.0
1786229812.612907261,card0,51.0,53.0,52.0,(219Mhz),1,(1978Mhz),1,(875Mhz),3,(2859Mhz),1,(872Mhz),1,1 (16.0GT/s x16),44.0
1786229813.698975696,card0,51.0,53.0,52.0,(219Mhz),1,(1410Mhz),1,(772Mhz),2,(2859Mhz),1,(800Mhz),1,1 (16.0GT/s x16),44.0
1786229814.776585016,card0,51.0,52.0,51.0,(219Mhz),1,(582Mhz),1,(96Mhz),0,(41Mhz),S,(417Mhz),0,1 (16.0GT/s x16),15.0
1786229815.861942200,card0,50.0,52.0,51.0,(219Mhz),1,(1020Mhz),1,(456Mhz),1,(32Mhz),S,(480Mhz),1,1 (16.0GT/s x16),28.0
1786229816.944034806,card0,50.0,57.0,51.0,(219Mhz),1,(2016Mhz),1,(1258Mhz),5,(2933Mhz),1,(1280Mhz),1,1 (16.0GT/s x16),282.0
1786229818.028374805,card0,52.0,80.0,54.0,(219Mhz),1,(2016Mhz),1,(1258Mhz),5,(3016Mhz),1,(1280Mhz),1,1 (16.0GT/s x16),316.0
1786229819.115386711,card0,53.0,87.0,56.0,(219Mhz),1,(2016Mhz),1,(1258Mhz),5,(2977Mhz),1,(1280Mhz),1,1 (16.0GT/s x16),295.0
1786229820.199380722,card0,54.0,82.0,57.0,(219Mhz),1,(2016Mhz),1,(1258Mhz),5,(2586Mhz),1,(1280Mhz),1,1 (16.0GT/s x16),286.0
1786229821.282818175,card0,56.0,76.0,58.0,(219Mhz),1,(2016Mhz),1,(1258Mhz),5,(3256Mhz),1,(1280Mhz),1,1 (16.0GT/s x16),118.0
1786229822.366068984,card0,57.0,76.0,61.0,(219Mhz),1,(2016Mhz),1,(1258Mhz),5,(2557Mhz),1,(1280Mhz),1,1 (16.0GT/s x16),283.0
1786229823.449099379,card0,58.0,77.0,62.0,(219Mhz),1,(2016Mhz),1,(1258Mhz),5,(2464Mhz),1,(1280Mhz),1,1 (16.0GT/s x16),315.0
1786229824.530416953,card0,59.0,75.0,63.0,(219Mhz),1,(1410Mhz),1,(772Mhz),2,(41Mhz),S,(800Mhz),1,1 (16.0GT/s x16),35.0
1786229825.608685222,card0,57.0,60.0,59.0,(219Mhz),1,(582Mhz),1,(96Mhz),0,(0Mhz),S,(417Mhz),0,1 (16.0GT/s x16),10.0
1786229826.693335610,card0,57.0,58.0,56.0,(219Mhz),1,(582Mhz),1,(96Mhz),0,(0Mhz),S,(417Mhz),0,1 (16.0GT/s x16),11.0
1786229827.778823944,card0,56.0,57.0,56.0,(219Mhz),1,(582Mhz),1,(96Mhz),0,(0Mhz),S,(417Mhz),0,1 (16.0GT/s x16),11.0
1786229828.859283042,card0,55.0,56.0,54.0,(219Mhz),1,(582Mhz),1,(96Mhz),0,(0Mhz),S,(417Mhz),0,1 (16.0GT/s x16),11.0
1786229829.945202057,card0,55.0,56.0,54.0,(219Mhz),1,(582Mhz),1,(96Mhz),0,(0Mhz),S,(417Mhz),0,1 (16.0GT/s x16),11.0
1786229831.022399575,card0,54.0,55.0,54.0,(219Mhz),1,(1537Mhz),1,(875Mhz),3,(2863Mhz),1,(872Mhz),1,1 (16.0GT/s x16),47.0
1786229832.107669890,card0,54.0,56.0,54.0,(219Mhz),1,(1537Mhz),1,(875Mhz),3,(2864Mhz),1,(872Mhz),1,1 (16.0GT/s x16),46.0
1786229833.189939880,card0,54.0,56.0,54.0,(219Mhz),1,(1537Mhz),1,(875Mhz),3,(2863Mhz),1,(872Mhz),1,1 (16.0GT/s x16),47.0
1786229834.270731522,card0,54.0,55.0,54.0,(219Mhz),1,(582Mhz),1,(96Mhz),0,(41Mhz),S,(417Mhz),0,1 (16.0GT/s x16),16.0
1786229835.357420867,card0,53.0,55.0,54.0,(219Mhz),1,(1410Mhz),1,(772Mhz),2,(41Mhz),S,(800Mhz),1,1 (16.0GT/s x16),34.0
1786229836.443751226,card0,53.0,59.0,54.0,(219Mhz),1,(2016Mhz),1,(1258Mhz),5,(2893Mhz),1,(1280Mhz),1,1 (16.0GT/s x16),282.0
1786229837.524720494,card0,55.0,83.0,58.0,(219Mhz),1,(2016Mhz),1,(1258Mhz),5,(3099Mhz),1,(1280Mhz),1,1 (16.0GT/s x16),297.0
1786229838.602874160,card0,56.0,90.0,58.0,(219Mhz),1,(2016Mhz),1,(1258Mhz),5,(3101Mhz),1,(1280Mhz),1,1 (16.0GT/s x16),329.0
1786229839.684451492,card0,57.0,81.0,60.0,(219Mhz),1,(2016Mhz),1,(1258Mhz),5,(2602Mhz),1,(1280Mhz),1,1 (16.0GT/s x16),244.0
1786229840.765991442,card0,58.0,78.0,62.0,(219Mhz),1,(2016Mhz),1,(1258Mhz),5,(2608Mhz),1,(1280Mhz),1,1 (16.0GT/s x16),307.0
1786229841.848108056,card0,59.0,78.0,64.0,(219Mhz),1,(2016Mhz),1,(1258Mhz),5,(2413Mhz),1,(1280Mhz),1,1 (16.0GT/s x16),300.0
1786229842.929373019,card0,60.0,79.0,66.0,(219Mhz),1,(2016Mhz),1,(1258Mhz),5,(2379Mhz),1,(1280Mhz),1,1 (16.0GT/s x16),310.0
1786229844.010086543,card0,61.0,77.0,65.0,(219Mhz),1,(1537Mhz),1,(875Mhz),3,(41Mhz),S,(872Mhz),1,1 (16.0GT/s x16),37.0
1786229845.094579438,card0,60.0,62.0,61.0,(219Mhz),1,(582Mhz),1,(96Mhz),0,(0Mhz),S,(417Mhz),0,1 (16.0GT/s x16),11.0
1786229846.178054630,card0,59.0,60.0,59.0,(219Mhz),1,(582Mhz),1,(96Mhz),0,(0Mhz),S,(417Mhz),0,1 (16.0GT/s x16),11.0
1786229847.262447870,card0,58.0,59.0,58.0,(219Mhz),1,(582Mhz),1,(96Mhz),0,(0Mhz),S,(417Mhz),0,1 (16.0GT/s x16),11.0
1786229848.345315962,card0,57.0,58.0,57.0,(219Mhz),1,(582Mhz),1,(96Mhz),0,(0Mhz),S,(417Mhz),0,1 (16.0GT/s x16),11.0
1786229849.427715016,card0,57.0,58.0,56.0,(219Mhz),1,(582Mhz),1,(96Mhz),0,(0Mhz),S,(417Mhz),0,1 (16.0GT/s x16),11.0
1786229850.508349230,card0,56.0,57.0,56.0,(219Mhz),1,(1410Mhz),1,(772Mhz),2,(2644Mhz),1,(1200Mhz),1,1 (16.0GT/s x16),46.0
1786229851.593036896,card0,56.0,58.0,57.0,(219Mhz),1,(1537Mhz),1,(875Mhz),3,(2821Mhz),1,(872Mhz),1,1 (16.0GT/s x16),46.0
1786229852.671174488,card0,56.0,57.0,56.0,(219Mhz),1,(1537Mhz),1,(875Mhz),3,(2817Mhz),1,(872Mhz),1,1 (16.0GT/s x16),47.0
1786229853.754175002,card0,55.0,57.0,56.0,(219Mhz),1,(582Mhz),1,(96Mhz),0,(41Mhz),S,(417Mhz),0,1 (16.0GT/s x16),16.0
1786229854.838098435,card0,55.0,57.0,56.0,(219Mhz),1,(582Mhz),1,(96Mhz),0,(41Mhz),S,(417Mhz),0,1 (16.0GT/s x16),17.0
1786229855.923031587,card0,54.0,62.0,56.0,(219Mhz),1,(2016Mhz),1,(1258Mhz),5,(2942Mhz),1,(1280Mhz),1,1 (16.0GT/s x16),307.0
1786229857.004521129,card0,56.0,83.0,59.0,(219Mhz),1,(2016Mhz),1,(1258Mhz),5,(2990Mhz),1,(1280Mhz),1,1 (16.0GT/s x16),315.0
1786229858.082622483,card0,57.0,91.0,60.0,(219Mhz),1,(2016Mhz),1,(1258Mhz),5,(2989Mhz),1,(1280Mhz),1,1 (16.0GT/s x16),305.0
1786229859.164043151,card0,59.0,86.0,62.0,(219Mhz),1,(2016Mhz),1,(1258Mhz),5,(2634Mhz),1,(1280Mhz),1,1 (16.0GT/s x16),310.0
1786229860.249532782,card0,60.0,80.0,64.0,(219Mhz),1,(2016Mhz),1,(1258Mhz),5,(2693Mhz),1,(1280Mhz),1,1 (16.0GT/s x16),299.0
1786229861.331081518,card0,61.0,79.0,65.0,(219Mhz),1,(2016Mhz),1,(1258Mhz),5,(2507Mhz),1,(1280Mhz),1,1 (16.0GT/s x16),288.0
1786229862.410863623,card0,62.0,81.0,67.0,(219Mhz),1,(2016Mhz),1,(1258Mhz),5,(2489Mhz),1,(1280Mhz),1,1 (16.0GT/s x16),297.0
1786229863.489992679,card0,63.0,78.0,67.0,(219Mhz),1,(1537Mhz),1,(875Mhz),3,(41Mhz),S,(872Mhz),1,1 (16.0GT/s x16),38.0
1786229864.572276088,card0,61.0,64.0,63.0,(219Mhz),1,(582Mhz),1,(96Mhz),0,(0Mhz),S,(417Mhz),0,1 (16.0GT/s x16),11.0
1786229865.653044139,card0,60.0,62.0,61.0,(219Mhz),1,(582Mhz),1,(96Mhz),0,(0Mhz),S,(417Mhz),0,1 (16.0GT/s x16),11.0
1786229866.735642368,card0,60.0,61.0,60.0,(219Mhz),1,(582Mhz),1,(96Mhz),0,(0Mhz),S,(417Mhz),0,1 (16.0GT/s x16),11.0
1786229867.818813991,card0,59.0,60.0,59.0,(219Mhz),1,(582Mhz),1,(96Mhz),0,(0Mhz),S,(417Mhz),0,1 (16.0GT/s x16),11.0
1786229868.901985773,card0,58.0,59.0,58.0,(219Mhz),1,(582Mhz),1,(96Mhz),0,(0Mhz),S,(417Mhz),0,1 (16.0GT/s x16),11.0
1786229869.980396821,card0,58.0,59.0,58.0,(219Mhz),1,(1537Mhz),1,(875Mhz),3,(245Mhz),S,(872Mhz),1,1 (16.0GT/s x16),43.0
1786229871.063626601,card0,58.0,60.0,58.0,(219Mhz),1,(1537Mhz),1,(875Mhz),3,(2553Mhz),1,(872Mhz),1,1 (16.0GT/s x16),45.0
1786229872.146969339,card0,57.0,59.0,58.0,(219Mhz),1,(1537Mhz),1,(875Mhz),3,(2820Mhz),1,(1200Mhz),1,1 (16.0GT/s x16),50.0
1786229873.232074295,card0,57.0,59.0,58.0,(219Mhz),1,(582Mhz),1,(96Mhz),0,(41Mhz),S,(417Mhz),0,1 (16.0GT/s x16),17.0
1786229874.316535183,card0,57.0,59.0,58.0,(219Mhz),1,(1410Mhz),1,(772Mhz),2,(41Mhz),S,(800Mhz),1,1 (16.0GT/s x16),34.0
1786229875.401688706,card0,57.0,61.0,57.0,(219Mhz),1,(2016Mhz),1,(1258Mhz),5,(2844Mhz),1,(1280Mhz),1,1 (16.0GT/s x16),279.0
1786229876.482974646,card0,58.0,84.0,61.0,(219Mhz),1,(2016Mhz),1,(1258Mhz),5,(2916Mhz),1,(1280Mhz),1,1 (16.0GT/s x16),289.0
1786229877.560828026,card0,59.0,93.0,62.0,(219Mhz),1,(2016Mhz),1,(1258Mhz),5,(2914Mhz),1,(1280Mhz),1,1 (16.0GT/s x16),293.0
1786229878.643940372,card0,60.0,89.0,64.0,(219Mhz),1,(2016Mhz),1,(1258Mhz),5,(2614Mhz),1,(1280Mhz),1,1 (16.0GT/s x16),301.0
1786229879.726957235,card0,62.0,81.0,65.0,(219Mhz),1,(2016Mhz),1,(1258Mhz),5,(2645Mhz),1,(1280Mhz),1,1 (16.0GT/s x16),276.0
1786229880.811519944,card0,63.0,81.0,67.0,(219Mhz),1,(2016Mhz),1,(1258Mhz),5,(2436Mhz),1,(1280Mhz),1,1 (16.0GT/s x16),298.0
1786229881.891114897,card0,64.0,82.0,69.0,(219Mhz),1,(2016Mhz),1,(1258Mhz),5,(2473Mhz),1,(1280Mhz),1,1 (16.0GT/s x16),304.0
1786229882.969938299,card0,65.0,82.0,70.0,(219Mhz),1,(1848Mhz),1,(1124Mhz),4,(41Mhz),S,(1129Mhz),1,1 (16.0GT/s x16),46.0
1786229884.050991795,card0,64.0,66.0,66.0,(219Mhz),1,(582Mhz),1,(96Mhz),0,(0Mhz),S,(417Mhz),0,1 (16.0GT/s x16),11.0
1786229885.156404054,card0,63.0,64.0,63.0,(219Mhz),1,(582Mhz),1,(96Mhz),0,(0Mhz),S,(417Mhz),0,1 (16.0GT/s x16),12.0
1786229886.241226107,card0,62.0,63.0,62.0,(219Mhz),1,(582Mhz),1,(96Mhz),0,(0Mhz),S,(417Mhz),0,1 (16.0GT/s x16),12.0
1786229887.325230740,card0,61.0,62.0,62.0,(219Mhz),1,(582Mhz),1,(96Mhz),0,(0Mhz),S,(417Mhz),0,1 (16.0GT/s x16),11.0
1786229888.411233582,card0,61.0,62.0,60.0,(219Mhz),1,(582Mhz),1,(96Mhz),0,(0Mhz),S,(417Mhz),0,1 (16.0GT/s x16),11.0
1786229889.494653815,card0,60.0,61.0,60.0,(219Mhz),1,(1537Mhz),1,(875Mhz),3,(767Mhz),1,(872Mhz),1,1 (16.0GT/s x16),39.0
1786229890.577996285,card0,60.0,62.0,61.0,(219Mhz),1,(1410Mhz),1,(772Mhz),2,(126Mhz),S,(800Mhz),1,1 (16.0GT/s x16),43.0
1786229891.659863248,card0,60.0,62.0,61.0,(219Mhz),1,(1978Mhz),1,(875Mhz),3,(2818Mhz),1,(872Mhz),1,1 (16.0GT/s x16),52.0
1786229892.739193421,card0,59.0,61.0,60.0,(219Mhz),1,(582Mhz),1,(96Mhz),0,(41Mhz),S,(417Mhz),0,1 (16.0GT/s x16),18.0
1786229893.823266345,card0,59.0,61.0,60.0,(219Mhz),1,(1537Mhz),1,(875Mhz),3,(41Mhz),S,(872Mhz),1,1 (16.0GT/s x16),36.0
1786229894.912325101,card0,59.0,63.0,60.0,(219Mhz),1,(2016Mhz),1,(1258Mhz),5,(2822Mhz),1,(1280Mhz),1,1 (16.0GT/s x16),256.0
1786229895.997100259,card0,60.0,87.0,63.0,(219Mhz),1,(2016Mhz),1,(1258Mhz),5,(2978Mhz),1,(1280Mhz),1,1 (16.0GT/s x16),303.0
1786229897.076557247,card0,62.0,95.0,65.0,(219Mhz),1,(2016Mhz),1,(1258Mhz),5,(2930Mhz),1,(1280Mhz),1,1 (16.0GT/s x16),304.0
1786229898.160554003,card0,63.0,83.0,67.0,(219Mhz),1,(2016Mhz),1,(1258Mhz),5,(2560Mhz),1,(1280Mhz),1,1 (16.0GT/s x16),297.0
1786229899.243696259,card0,64.0,83.0,68.0,(219Mhz),1,(2016Mhz),1,(1258Mhz),5,(2637Mhz),1,(1280Mhz),1,1 (16.0GT/s x16),340.0
1786229900.326082664,card0,65.0,84.0,70.0,(219Mhz),1,(2016Mhz),1,(1258Mhz),5,(2453Mhz),1,(1280Mhz),1,1 (16.0GT/s x16),332.0
1786229901.408065464,card0,66.0,85.0,72.0,(219Mhz),1,(2016Mhz),1,(1258Mhz),5,(2411Mhz),1,(1280Mhz),1,1 (16.0GT/s x16),274.0
1786229902.491193644,card0,67.0,81.0,71.0,(219Mhz),1,(1848Mhz),1,(1124Mhz),4,(41Mhz),S,(1129Mhz),1,1 (16.0GT/s x16),47.0
1786229903.577358046,card0,66.0,68.0,68.0,(219Mhz),1,(582Mhz),1,(96Mhz),0,(0Mhz),S,(417Mhz),0,1 (16.0GT/s x16),12.0
1786229904.662931650,card0,64.0,66.0,65.0,(219Mhz),1,(582Mhz),1,(96Mhz),0,(0Mhz),S,(417Mhz),0,1 (16.0GT/s x16),12.0
1786229905.746671931,card0,64.0,65.0,64.0,(219Mhz),1,(582Mhz),1,(96Mhz),0,(0Mhz),S,(417Mhz),0,1 (16.0GT/s x16),11.0
1786229906.830717746,card0,63.0,64.0,64.0,(219Mhz),1,(582Mhz),1,(96Mhz),0,(0Mhz),S,(417Mhz),0,1 (16.0GT/s x16),11.0
1786229907.915280204,card0,62.0,63.0,62.0,(219Mhz),1,(582Mhz),1,(96Mhz),0,(0Mhz),S,(417Mhz),0,1 (16.0GT/s x16),12.0
1786229908.999781879,card0,62.0,63.0,62.0,(219Mhz),1,(582Mhz),1,(96Mhz),0,(0Mhz),S,(417Mhz),0,1 (16.0GT/s x16),11.0
1786229910.082491304,card0,61.0,63.0,62.0,(219Mhz),1,(1537Mhz),1,(875Mhz),3,(978Mhz),1,(872Mhz),1,1 (16.0GT/s x16),48.0
1786229911.168877247,card0,61.0,63.0,62.0,(219Mhz),1,(1978Mhz),1,(875Mhz),3,(219Mhz),S,(872Mhz),1,1 (16.0GT/s x16),43.0
1786229912.253067785,card0,61.0,63.0,62.0,(219Mhz),1,(582Mhz),1,(96Mhz),0,(118Mhz),S,(417Mhz),0,1 (16.0GT/s x16),23.0
1786229913.336431432,card0,60.0,62.0,61.0,(219Mhz),1,(2016Mhz),1,(1258Mhz),5,(41Mhz),S,(1280Mhz),1,1 (16.0GT/s x16),47.0
1786229914.423070803,card0,60.0,61.0,61.0,(219Mhz),1,(1410Mhz),1,(772Mhz),2,(41Mhz),S,(800Mhz),1,1 (16.0GT/s x16),37.0
1786229915.505101742,card0,60.0,81.0,64.0,(219Mhz),1,(2016Mhz),1,(1258Mhz),5,(2749Mhz),1,(1280Mhz),1,1 (16.0GT/s x16),234.0
1786229916.584472882,card0,62.0,95.0,66.0,(219Mhz),1,(2016Mhz),1,(1258Mhz),5,(2930Mhz),1,(1280Mhz),1,1 (16.0GT/s x16),297.0
1786229917.665552618,card0,63.0,95.0,67.0,(219Mhz),1,(2016Mhz),1,(1258Mhz),5,(2707Mhz),1,(1280Mhz),1,1 (16.0GT/s x16),342.0
1786229918.747375420,card0,64.0,84.0,68.0,(219Mhz),1,(2016Mhz),1,(1258Mhz),5,(2687Mhz),1,(1280Mhz),1,1 (16.0GT/s x16),285.0
1786229919.828161370,card0,66.0,84.0,70.0,(219Mhz),1,(2016Mhz),1,(1258Mhz),5,(2350Mhz),1,(1280Mhz),1,1 (16.0GT/s x16),288.0
1786229920.913380937,card0,66.0,85.0,72.0,(219Mhz),1,(2016Mhz),1,(1258Mhz),5,(2445Mhz),1,(1280Mhz),1,1 (16.0GT/s x16),271.0
1786229921.994436306,card0,67.0,86.0,74.0,(219Mhz),1,(2016Mhz),1,(1258Mhz),5,(2379Mhz),1,(1280Mhz),1,1 (16.0GT/s x16),288.0
