1786230371.378933896,card0,41.0,42.0,40.0,(219Mhz),1,(582Mhz),1,(96Mhz),0,(0Mhz),S,(417Mhz),0,1 (16.0GT/s x16),10.0
1786230372.464844474,card0,38.0,39.0,38.0,(219Mhz),1,(582Mhz),1,(96Mhz),0,(0Mhz),S,(417Mhz),0,1 (16.0GT/s x16),10.0
1786230373.550217395,card0,38.0,39.0,38.0,(219Mhz),1,(582Mhz),1,(96Mhz),0,(0Mhz),S,(417Mhz),0,1 (16.0GT/s x16),11.0
1786230374.634908249,card0,38.0,39.0,38.0,(219Mhz),1,(582Mhz),1,(96Mhz),0,(0Mhz),S,(417Mhz),0,1 (16.0GT/s x16),10.0
1786230375.718931384,card0,38.0,39.0,38.0,(219Mhz),1,(582Mhz),1,(96Mhz),0,(0Mhz),S,(417Mhz),0,1 (16.0GT/s x16),10.0
1786230376.800821707,card0,38.0,39.0,38.0,(219Mhz),1,(582Mhz),1,(96Mhz),0,(0Mhz),S,(417Mhz),0,1 (16.0GT/s x16),11.0
1786230377.881848090,card0,38.0,39.0,38.0,(219Mhz),1,(1410Mhz),1,(772Mhz),2,(2850Mhz),1,(800Mhz),1,1 (16.0GT/s x16),41.0
1786230378.963531620,card0,38.0,40.0,39.0,(219Mhz),1,(1537Mhz),1,(875Mhz),3,(1255Mhz),1,(872Mhz),1,1 (16.0GT/s x16),46.0
1786230380.046151728,card0,38.0,40.0,40.0,(219Mhz),1,(1537Mhz),1,(875Mhz),3,(98Mhz),S,(872Mhz),1,1 (16.0GT/s x16),33.0
1786230381.129501554,card0,38.0,40.0,38.0,(219Mhz),1,(1848Mhz),1,(1124Mhz),4,(81Mhz),S,(1129Mhz),1,1 (16.0GT/s x16),40.0
1786230382.216517347,card0,38.0,39.0,38.0,(219Mhz),1,(582Mhz),1,(96Mhz),0,(32Mhz),S,(417Mhz),0,1 (16.0GT/s x16),15.0
1786230383.307322770,card0,39.0,65.0,42.0,(219Mhz),1,(2016Mhz),1,(1258Mhz),5,(3279Mhz),1,(1280Mhz),1,1 (16.0GT/s x16),136.0
1786230384.389043247,card0,40.0,61.0,42.0,(219Mhz),1,(2016Mhz),1,(1258Mhz),5,(3020Mhz),1,(1280Mhz),1,1 (16.0GT/s x16),192.0
1786230385.469627451,card0,41.0,77.0,44.0,(219Mhz),1,(2016Mhz),1,(1258Mhz),5,(3065Mhz),1,(1280Mhz),1,1 (16.0GT/s x16),333.0
1786230386.550585198,card0,43.0,64.0,46.0,(219Mhz),1,(2016Mhz),1,(1258Mhz),5,(2718Mhz),1,(1280Mhz),1,1 (16.0GT/s x16),302.0
1786230387.632140311,card0,43.0,75.0,45.0,(219Mhz),1,(1978Mhz),1,(1124Mhz),4,(3264Mhz),1,(1200Mhz),1,1 (16.0GT/s x16),164.0
1786230388.718498584,card0,44.0,77.0,46.0,(219Mhz),1,(1978Mhz),1,(1124Mhz),4,(3350Mhz),1,(1129Mhz),1,1 (16.0GT/s x16),149.0
1786230389.802410831,card0,44.0,78.0,46.0,(219Mhz),1,(2016Mhz),1,(1258Mhz),5,(3275Mhz),1,(1280Mhz),1,1 (16.0GT/s x16),152.0
1786230390.883999092,card0,45.0,79.0,46.0,(219Mhz),1,(2016Mhz),1,(1258Mhz),5,(3280Mhz),1,(1280Mhz),1,1 (16.0GT/s x16),162.0
1786230391.965171039,card0,45.0,80.0,47.0,(219Mhz),1,(1978Mhz),1,(1124Mhz),4,(3371Mhz),1,(1200Mhz),1,1 (16.0GT/s x16),188.0
1786230393.047695730,card0,46.0,81.0,48.0,(219Mhz),1,(1978Mhz),1,(1124Mhz),4,(3346Mhz),1,(1200Mhz),1,1 (16.0GT/s x16),180.0
1786230394.131025438,card0,47.0,79.0,48.0,(219Mhz),1,(2016Mhz),1,(1258Mhz),5,(3301Mhz),1,(1280Mhz),1,1 (16.0GT/s x16),244.0
1786230395.210938869,card0,48.0,87.0,50.0,(219Mhz),1,(2016Mhz),1,(1258Mhz),5,(3298Mhz),1,(1280Mhz),1,1 (16.0GT/s x16),220.0
1786230396.292321505,card0,49.0,88.0,50.0,(219Mhz),1,(2016Mhz),1,(1258Mhz),5,(3283Mhz),1,(1280Mhz),1,1 (16.0GT/s x16),269.0
1786230397.376004165,card0,50.0,90.0,51.0,(219Mhz),1,(2016Mhz),1,(1258Mhz),5,(3319Mhz),1,(1280Mhz),1,1 (16.0GT/s x16),252.0
1786230398.457541552,card0,51.0,85.0,52.0,(219Mhz),1,(2016Mhz),1,(1258Mhz),5,(2993Mhz),1,(1280Mhz),1,1 (16.0GT/s x16),235.0
1786230399.540458103,card0,52.0,87.0,54.0,(219Mhz),1,(2016Mhz),1,(1258Mhz),5,(3114Mhz),1,(1280Mhz),1,1 (16.0GT/s x16),313.0
1786230400.623691106,card0,53.0,80.0,55.0,(219Mhz),1,(2016Mhz),1,(1258Mhz),5,(3127Mhz),1,(1280Mhz),1,1 (16.0GT/s x16),299.0
1786230401.705860068,card0,54.0,79.0,56.0,(219Mhz),1,(2016Mhz),1,(1258Mhz),5,(2591Mhz),1,(1280Mhz),1,1 (16.0GT/s x16),262.0
1786230402.786858407,card0,55.0,78.0,58.0,(219Mhz),1,(2016Mhz),1,(1258Mhz),5,(2728Mhz),1,(1280Mhz),1,1 (16.0GT/s x16),310.0
1786230403.870054818,card0,56.0,77.0,59.0,(219Mhz),1,(2016Mhz),1,(1258Mhz),5,(2624Mhz),1,(1280Mhz),1,1 (16.0GT/s x16),305.0
1786230404.951166057,card0,57.0,77.0,60.0,(219Mhz),1,(2016Mhz),1,(1258Mhz),5,(2949Mhz),1,(1280Mhz),1,1 (16.0GT/s x16),137.0
1786230406.034104084,card0,57.0,82.0,61.0,(219Mhz),1,(2016Mhz),1,(1258Mhz),5,(2654Mhz),1,(1280Mhz),1,1 (16.0GT/s x16),343.0
1786230407.121346346,card0,58.0,80.0,62.0,(219Mhz),1,(2016Mhz),1,(1258Mhz),5,(2541Mhz),1,(1280Mhz),1,1 (16.0GT/s x16),310.0
1786230408.205938169,card0,58.0,89.0,61.0,(219Mhz),1,(1978Mhz),1,(1124Mhz),4,(3255Mhz),1,(1200Mhz),1,1 (16.0GT/s x16),177.0
1786230409.286644981,card0,58.0,91.0,60.0,(219Mhz),1,(1978Mhz),1,(1124Mhz),4,(3294Mhz),1,(1200Mhz),1,1 (16.0GT/s x16),186.0
1786230410.371135873,card0,58.0,91.0,60.0,(219Mhz),1,(1978Mhz),1,(1124Mhz),4,(3299Mhz),1,(1200Mhz),1,1 (16.0GT/s x16),182.0
1786230411.454003276,card0,58.0,91.0,60.0,(219Mhz),1,(1978Mhz),1,(1124Mhz),4,(3295Mhz),1,(1200Mhz),1,1 (16.0GT/s x16),153.0
1786230412.536634477,card0,58.0,91.0,60.0,(219Mhz),1,(2016Mhz),1,(1258Mhz),5,(3277Mhz),1,(1280Mhz),1,1 (16.0GT/s x16),176.0
1786230413.618158795,card0,59.0,80.0,63.0,(219Mhz),1,(2016Mhz),1,(1258Mhz),5,(2438Mhz),1,(1280Mhz),1,1 (16.0GT/s x16),296.0
1786230414.701123868,card0,60.0,80.0,64.0,(219Mhz),1,(2016Mhz),1,(1258Mhz),5,(2532Mhz),1,(1280Mhz),1,1 (16.0GT/s x16),241.0
1786230415.781011049,card0,60.0,93.0,64.0,(219Mhz),1,(2016Mhz),1,(1258Mhz),5,(3203Mhz),1,(1280Mhz),1,1 (16.0GT/s x16),256.0
1786230416.863056340,card0,60.0,97.0,64.0,(219Mhz),1,(2016Mhz),1,(1258Mhz),5,(3296Mhz),1,(1280Mhz),1,1 (16.0GT/s x16),224.0
1786230417.946568707,card0,60.0,81.0,64.0,(219Mhz),1,(2016Mhz),1,(1258Mhz),5,(2896Mhz),1,(1280Mhz),1,1 (16.0GT/s x16),311.0
1786230419.026988251,card0,61.0,81.0,65.0,(219Mhz),1,(2016Mhz),1,(1258Mhz),5,(2962Mhz),1,(1280Mhz),1,1 (16.0GT/s x16),272.0
1786230420.106686407,card0,61.0,81.0,66.0,(219Mhz),1,(2016Mhz),1,(1258Mhz),5,(2921Mhz),1,(1280Mhz),1,1 (16.0GT/s x16),317.0
1786230421.187342632,card0,62.0,82.0,66.0,(219Mhz),1,(2016Mhz),1,(1258Mhz),5,(3218Mhz),1,(1280Mhz),1,1 (16.0GT/s x16),173.0
1786230422.270054929,card0,62.0,85.0,66.0,(219Mhz),1,(2016Mhz),1,(1258Mhz),5,(3100Mhz),1,(1280Mhz),1,1 (16.0GT/s x16),300.0
1786230423.350657652,card0,63.0,86.0,66.0,(219Mhz),1,(2016Mhz),1,(1258Mhz),5,(3114Mhz),1,(1280Mhz),1,1 (16.0GT/s x16),311.0
1786230424.432945853,card0,63.0,86.0,67.0,(219Mhz),1,(2016Mhz),1,(1258Mhz),5,(3134Mhz),1,(1280Mhz),1,1 (16.0GT/s x16),288.0
1786230425.513766478,card0,63.0,87.0,68.0,(219Mhz),1,(2016Mhz),1,(1258Mhz),5,(3170Mhz),1,(1280Mhz),1,1 (16.0GT/s x16),301.0
1786230426.593498190,card0,63.0,91.0,68.0,(219Mhz),1,(2016Mhz),1,(1258Mhz),5,(2853Mhz),1,(1280Mhz),1,1 (16.0GT/s x16),180.0
1786230427.676289654,card0,63.0,87.0,68.0,(219Mhz),1,(2016Mhz),1,(1258Mhz),5,(3176Mhz),1,(1280Mhz),1,1 (16.0GT/s x16),283.0
1786230428.757647733,card0,63.0,87.0,68.0,(219Mhz),1,(2016Mhz),1,(1258Mhz),5,(3139Mhz),1,(1280Mhz),1,1 (16.0GT/s x16),224.0
1786230429.837192862,card0,63.0,87.0,68.0,(219Mhz),1,(2016Mhz),1,(1258Mhz),5,(3178Mhz),1,(1280Mhz),1,1 (16.0GT/s x16),249.0
1786230430.917942483,card0,62.0,87.0,68.0,(219Mhz),1,(2016Mhz),1,(1258Mhz),5,(3160Mhz),1,(1280Mhz),1,1 (16.0GT/s x16),235.0
1786230432.006303503,card0,62.0,86.0,68.0,(219Mhz),1,(2016Mhz),1,(1258Mhz),5,(3121Mhz),1,(1280Mhz),1,1 (16.0GT/s x16),269.0
1786230433.089646890,card0,62.0,86.0,68.0,(219Mhz),1,(2016Mhz),1,(1258Mhz),5,(3214Mhz),1,(1280Mhz),1,1 (16.0GT/s x16),178.0
1786230434.171195508,card0,62.0,92.0,66.0,(219Mhz),1,(1978Mhz),1,(1124Mhz),4,(3291Mhz),1,(1200Mhz),1,1 (16.0GT/s x16),170.0
1786230435.250135118,card0,62.0,92.0,66.0,(219Mhz),1,(2016Mhz),1,(1258Mhz),5,(3315Mhz),1,(1280Mhz),1,1 (16.0GT/s x16),76.0
1786230436.337250702,card0,60.0,62.0,64.0,(219Mhz),1,(582Mhz),1,(96Mhz),0,(0Mhz),S,(417Mhz),0,1 (16.0GT/s x16),12.0
1786230437.444500127,card0,58.0,59.0,60.0,(219Mhz),1,(582Mhz),1,(96Mhz),0,(0Mhz),S,(417Mhz),0,1 (16.0GT/s x16),13.0
1786230438.525782709,card0,57.0,58.0,60.0,(219Mhz),1,(582Mhz),1,(96Mhz),0,(0Mhz),S,(417Mhz),0,1 (16.0GT/s x16),13.0
1786230439.608427936,card0,56.0,57.0,58.0,(219Mhz),1,(582Mhz),1,(96Mhz),0,(0Mhz),S,(417Mhz),0,1 (16.0GT/s x16),12.0
1786230440.688486905,card0,55.0,56.0,57.0,(219Mhz),1,(582Mhz),1,(96Mhz),0,(0Mhz),S,(417Mhz),0,1 (16.0GT/s x16),13.0
1786230441.774705167,card0,54.0,54.0,56.0,(219Mhz),1,(582Mhz),1,(96Mhz),0,(0Mhz),S,(417Mhz),0,1 (16.0GT/s x16),12.0
1786230442.859525745,card0,53.0,55.0,56.0,(219Mhz),1,(1410Mhz),1,(772Mhz),2,(385Mhz),1,(800Mhz),1,1 (16.0GT/s x16),42.0
1786230443.941858826,card0,52.0,54.0,56.0,(219Mhz),1,(1537Mhz),1,(875Mhz),3,(2860Mhz),1,(872Mhz),1,1 (16.0GT/s x16),47.0
1786230445.028912175,card0,52.0,53.0,56.0,(219Mhz),1,(582Mhz),1,(96Mhz),0,(41Mhz),S,(417Mhz),0,1 (16.0GT/s x16),17.0
1786230446.113473888,card0,51.0,53.0,55.0,(219Mhz),1,(1537Mhz),1,(875Mhz),3,(41Mhz),S,(872Mhz),1,1 (16.0GT/s x16),35.0
1786230447.198675798,card0,50.0,51.0,53.0,(219Mhz),1,(1978Mhz),1,(1124Mhz),4,(2800Mhz),1,(1200Mhz),1,1 (16.0GT/s x16),93.0
1786230448.279547171,card0,50.0,80.0,56.0,(219Mhz),1,(2016Mhz),1,(1258Mhz),5,(3279Mhz),1,(1280Mhz),1,1 (16.0GT/s x16),169.0
1786230449.357507744,card0,51.0,84.0,56.0,(219Mhz),1,(2016Mhz),1,(1258Mhz),5,(3254Mhz),1,(1280Mhz),1,1 (16.0GT/s x16),237.0
1786230450.436823510,card0,52.0,76.0,58.0,(219Mhz),1,(2016Mhz),1,(1258Mhz),5,(2724Mhz),1,(1280Mhz),1,1 (16.0GT/s x16),293.0
1786230451.516792942,card0,52.0,82.0,58.0,(219Mhz),1,(1978Mhz),1,(1124Mhz),4,(3188Mhz),1,(1200Mhz),1,1 (16.0GT/s x16),165.0
1786230452.596591433,card0,52.0,83.0,58.0,(219Mhz),1,(1978Mhz),1,(1124Mhz),4,(3264Mhz),1,(1200Mhz),1,1 (16.0GT/s x16),179.0
1786230453.676825717,card0,52.0,85.0,58.0,(219Mhz),1,(1978Mhz),1,(1124Mhz),4,(3323Mhz),1,(1200Mhz),1,1 (16.0GT/s x16),189.0
1786230454.756899479,card0,52.0,85.0,58.0,(219Mhz),1,(1978Mhz),1,(1124Mhz),4,(3328Mhz),1,(1200Mhz),1,1 (16.0GT/s x16),187.0
1786230455.837361284,card0,52.0,85.0,58.0,(219Mhz),1,(2016Mhz),1,(1258Mhz),5,(3283Mhz),1,(1280Mhz),1,1 (16.0GT/s x16),153.0
1786230456.919032352,card0,52.0,85.0,58.0,(219Mhz),1,(2016Mhz),1,(1258Mhz),5,(3271Mhz),1,(1280Mhz),1,1 (16.0GT/s x16),177.0
1786230458.003890402,card0,52.0,86.0,58.0,(219Mhz),1,(1978Mhz),1,(1124Mhz),4,(3291Mhz),1,(1200Mhz),1,1 (16.0GT/s x16),177.0
1786230459.089156186,card0,53.0,85.0,58.0,(219Mhz),1,(2016Mhz),1,(1258Mhz),5,(3305Mhz),1,(1280Mhz),1,1 (16.0GT/s x16),258.0
1786230460.171878303,card0,53.0,91.0,58.0,(219Mhz),1,(2016Mhz),1,(1258Mhz),5,(3304Mhz),1,(1280Mhz),1,1 (16.0GT/s x16),279.0
1786230461.254062333,card0,54.0,92.0,59.0,(219Mhz),1,(2016Mhz),1,(1258Mhz),5,(3273Mhz),1,(1280Mhz),1,1 (16.0GT/s x16),264.0
1786230462.338677159,card0,54.0,90.0,60.0,(219Mhz),1,(2016Mhz),1,(1258Mhz),5,(3061Mhz),1,(1280Mhz),1,1 (16.0GT/s x16),326.0
1786230463.417070289,card0,55.0,89.0,60.0,(219Mhz),1,(2016Mhz),1,(1258Mhz),5,(3035Mhz),1,(1280Mhz),1,1 (16.0GT/s x16),336.0
1786230464.499729303,card0,55.0,88.0,61.0,(219Mhz),1,(2016Mhz),1,(1258Mhz),5,(2805Mhz),1,(1280Mhz),1,1 (16.0GT/s x16),333.0
1786230465.582508778,card0,56.0,81.0,62.0,(219Mhz),1,(2016Mhz),1,(1258Mhz),5,(2773Mhz),1,(1280Mhz),1,1 (16.0GT/s x16),304.0
1786230466.662706625,card0,56.0,80.0,63.0,(219Mhz),1,(2016Mhz),1,(1258Mhz),5,(2688Mhz),1,(1280Mhz),1,1 (16.0GT/s x16),328.0
1786230467.748350239,card0,57.0,79.0,64.0,(219Mhz),1,(2016Mhz),1,(1258Mhz),5,(2867Mhz),1,(1280Mhz),1,1 (16.0GT/s x16),363.0
1786230468.831651727,card0,57.0,77.0,64.0,(219Mhz),1,(2016Mhz),1,(1258Mhz),5,(2571Mhz),1,(1280Mhz),1,1 (16.0GT/s x16),298.0
1786230469.915585772,card0,58.0,79.0,64.0,(219Mhz),1,(2016Mhz),1,(1258Mhz),5,(3053Mhz),1,(1280Mhz),1,1 (16.0GT/s x16),329.0
1786230470.997622067,card0,58.0,80.0,65.0,(219Mhz),1,(2016Mhz),1,(1258Mhz),5,(2382Mhz),1,(1280Mhz),1,1 (16.0GT/s x16),307.0
1786230472.082301748,card0,58.0,81.0,66.0,(219Mhz),1,(1978Mhz),1,(1124Mhz),4,(3194Mhz),1,(1200Mhz),1,1 (16.0GT/s x16),149.0
1786230473.165595355,card0,57.0,89.0,64.0,(219Mhz),1,(2016Mhz),1,(1258Mhz),5,(3156Mhz),1,(1280Mhz),1,1 (16.0GT/s x16),161.0
1786230474.247410085,card0,57.0,90.0,64.0,(219Mhz),1,(1978Mhz),1,(1124Mhz),4,(3292Mhz),1,(1200Mhz),1,1 (16.0GT/s x16),181.0
1786230475.330767131,card0,57.0,90.0,63.0,(219Mhz),1,(1978Mhz),1,(1124Mhz),4,(3318Mhz),1,(1200Mhz),1,1 (16.0GT/s x16),183.0
1786230476.420215430,card0,57.0,90.0,62.0,(219Mhz),1,(1978Mhz),1,(1124Mhz),4,(3310Mhz),1,(1200Mhz),1,1 (16.0GT/s x16),187.0
1786230477.501315442,card0,57.0,87.0,62.0,(219Mhz),1,(2016Mhz),1,(1258Mhz),5,(3196Mhz),1,(1280Mhz),1,1 (16.0GT/s x16),218.0
1786230478.583879258,card0,57.0,78.0,65.0,(219Mhz),1,(2016Mhz),1,(1258Mhz),5,(2739Mhz),1,(1280Mhz),1,1 (16.0GT/s x16),304.0
1786230479.667847898,card0,58.0,80.0,66.0,(219Mhz),1,(2016Mhz),1,(1258Mhz),5,(3248Mhz),1,(1280Mhz),1,1 (16.0GT/s x16),238.0
1786230480.750481174,card0,58.0,94.0,64.0,(219Mhz),1,(1978Mhz),1,(1124Mhz),4,(3168Mhz),1,(1200Mhz),1,1 (16.0GT/s x16),242.0
1786230481.831671824,card0,58.0,90.0,64.0,(219Mhz),1,(2016Mhz),1,(1258Mhz),5,(3047Mhz),1,(1280Mhz),1,1 (16.0GT/s x16),301.0
1786230482.913720523,card0,59.0,80.0,66.0,(219Mhz),1,(2016Mhz),1,(1258Mhz),5,(2876Mhz),1,(1280Mhz),1,1 (16.0GT/s x16),295.0
1786230483.995354847,card0,59.0,80.0,66.0,(219Mhz),1,(2016Mhz),1,(1258Mhz),5,(3008Mhz),1,(1280Mhz),1,1 (16.0GT/s x16),323.0
1786230485.075621847,card0,59.0,80.0,66.0,(219Mhz),1,(2016Mhz),1,(1258Mhz),5,(2957Mhz),1,(1280Mhz),1,1 (16.0GT/s x16),270.0
1786230486.154533731,card0,60.0,81.0,66.0,(219Mhz),1,(2016Mhz),1,(1258Mhz),5,(3153Mhz),1,(1280Mhz),1,1 (16.0GT/s x16),208.0
1786230487.235977831,card0,60.0,84.0,67.0,(219Mhz),1,(2016Mhz),1,(1258Mhz),5,(3136Mhz),1,(1280Mhz),1,1 (16.0GT/s x16),322.0
1786230488.320315042,card0,61.0,85.0,68.0,(219Mhz),1,(2016Mhz),1,(1258Mhz),5,(3154Mhz),1,(1280Mhz),1,1 (16.0GT/s x16),331.0
1786230489.403522250,card0,61.0,85.0,68.0,(219Mhz),1,(2016Mhz),1,(1258Mhz),5,(3113Mhz),1,(1280Mhz),1,1 (16.0GT/s x16),280.0
1786230490.482847846,card0,62.0,85.0,68.0,(219Mhz),1,(2016Mhz),1,(1258Mhz),5,(3130Mhz),1,(1280Mhz),1,1 (16.0GT/s x16),268.0
1786230491.564181264,card0,62.0,89.0,68.0,(219Mhz),1,(2016Mhz),1,(1258Mhz),5,(3186Mhz),1,(1280Mhz),1,1 (16.0GT/s x16),212.0
1786230492.645804784,card0,61.0,86.0,68.0,(219Mhz),1,(2016Mhz),1,(1258Mhz),5,(2954Mhz),1,(1280Mhz),1,1 (16.0GT/s x16),323.0
1786230493.727493154,card0,61.0,86.0,68.0,(219Mhz),1,(2016Mhz),1,(1258Mhz),5,(3152Mhz),1,(1280Mhz),1,1 (16.0GT/s x16),190.0
1786230494.806911230,card0,61.0,85.0,68.0,(219Mhz),1,(2016Mhz),1,(1258Mhz),5,(3213Mhz),1,(1280Mhz),1,1 (16.0GT/s x16),243.0
1786230495.886964422,card0,61.0,85.0,68.0,(219Mhz),1,(2016Mhz),1,(1258Mhz),5,(3181Mhz),1,(1280Mhz),1,1 (16.0GT/s x16),222.0
1786230496.967957393,card0,61.0,85.0,68.0,(219Mhz),1,(2016Mhz),1,(1258Mhz),5,(3160Mhz),1,(1280Mhz),1,1 (16.0GT/s x16),261.0
1786230498.049760623,card0,62.0,86.0,68.0,(219Mhz),1,(1978Mhz),1,(1124Mhz),4,(3264Mhz),1,(1129Mhz),1,1 (16.0GT/s x16),182.0
1786230499.130563051,card0,61.0,94.0,66.0,(219Mhz),1,(1978Mhz),1,(1124Mhz),4,(3289Mhz),1,(1200Mhz),1,1 (16.0GT/s x16),189.0
1786230500.210568240,card0,60.0,63.0,64.0,(219Mhz),1,(1410Mhz),1,(772Mhz),2,(41Mhz),S,(800Mhz),1,1 (16.0GT/s x16),37.0
1786230501.292978195,card0,59.0,60.0,62.0,(219Mhz),1,(582Mhz),1,(96Mhz),0,(0Mhz),S,(417Mhz),0,1 (16.0GT/s x16),12.0
1786230502.376776243,card0,57.0,58.0,60.0,(219Mhz),1,(582Mhz),1,(96Mhz),0,(0Mhz),S,(417Mhz),0,1 (16.0GT/s x16),12.0
1786230503.460899883,card0,56.0,57.0,60.0,(219Mhz),1,(582Mhz),1,(96Mhz),0,(0Mhz),S,(417Mhz),0,1 (16.0GT/s x16),12.0
1786230504.548108586,card0,55.0,56.0,58.0,(219Mhz),1,(582Mhz),1,(96Mhz),0,(0Mhz),S,(417Mhz),0,1 (16.0GT/s x16),12.0
1786230505.632263176,card0,54.0,55.0,58.0,(219Mhz),1,(582Mhz),1,(96Mhz),0,(0Mhz),S,(417Mhz),0,1 (16.0GT/s x16),12.0
1786230506.716629209,card0,53.0,54.0,56.0,(219Mhz),1,(582Mhz),1,(96Mhz),0,(0Mhz),S,(417Mhz),0,1 (16.0GT/s x16),12.0
1786230507.796861077,card0,53.0,54.0,56.0,(219Mhz),1,(1410Mhz),1,(772Mhz),2,(2859Mhz),1,(1200Mhz),1,1 (16.0GT/s x16),48.0
1786230508.882337930,card0,52.0,54.0,56.0,(219Mhz),1,(1978Mhz),1,(772Mhz),2,(2791Mhz),1,(800Mhz),1,1 (16.0GT/s x16),43.0
1786230509.966281736,card0,52.0,54.0,56.0,(219Mhz),1,(1978Mhz),1,(875Mhz),3,(62Mhz),S,(872Mhz),1,1 (16.0GT/s x16),37.0
1786230511.051891009,card0,51.0,53.0,56.0,(219Mhz),1,(582Mhz),1,(96Mhz),0,(32Mhz),S,(417Mhz),0,1 (16.0GT/s x16),17.0
1786230512.135758443,card0,51.0,52.0,55.0,(219Mhz),1,(1410Mhz),1,(772Mhz),2,(41Mhz),S,(800Mhz),1,1 (16.0GT/s x16),35.0
1786230513.223750850,card0,50.0,54.0,54.0,(219Mhz),1,(1978Mhz),1,(1124Mhz),4,(3128Mhz),1,(1200Mhz),1,1 (16.0GT/s x16),149.0
1786230514.309365811,card0,50.0,82.0,56.0,(219Mhz),1,(1848Mhz),1,(1124Mhz),4,(3282Mhz),1,(1129Mhz),1,1 (16.0GT/s x16),169.0
1786230515.391042192,card0,51.0,83.0,57.0,(219Mhz),1,(2016Mhz),1,(1258Mhz),5,(3291Mhz),1,(1280Mhz),1,1 (16.0GT/s x16),212.0
1786230516.472637790,card0,52.0,78.0,58.0,(219Mhz),1,(2016Mhz),1,(1258Mhz),5,(2939Mhz),1,(1280Mhz),1,1 (16.0GT/s x16),368.0
1786230517.552892875,card0,53.0,76.0,59.0,(219Mhz),1,(1978Mhz),1,(1124Mhz),4,(3236Mhz),1,(1200Mhz),1,1 (16.0GT/s x16),149.0
1786230518.630803784,card0,53.0,83.0,58.0,(219Mhz),1,(1978Mhz),1,(1124Mhz),4,(3248Mhz),1,(1200Mhz),1,1 (16.0GT/s x16),161.0
1786230519.711103938,card0,53.0,85.0,58.0,(219Mhz),1,(2016Mhz),1,(1258Mhz),5,(3301Mhz),1,(1280Mhz),1,1 (16.0GT/s x16),160.0
1786230520.791758095,card0,53.0,86.0,58.0,(219Mhz),1,(1978Mhz),1,(1124Mhz),4,(3204Mhz),1,(1200Mhz),1,1 (16.0GT/s x16),163.0
1786230521.874558534,card0,53.0,86.0,58.0,(219Mhz),1,(1978Mhz),1,(1124Mhz),4,(3310Mhz),1,(1200Mhz),1,1 (16.0GT/s x16),179.0
1786230522.957851958,card0,53.0,87.0,58.0,(219Mhz),1,(1978Mhz),1,(1124Mhz),4,(3292Mhz),1,(1200Mhz),1,1 (16.0GT/s x16),198.0
1786230524.037373132,card0,53.0,87.0,58.0,(219Mhz),1,(1978Mhz),1,(1124Mhz),4,(3356Mhz),1,(1129Mhz),1,1 (16.0GT/s x16),182.0
1786230525.117664753,card0,53.0,86.0,58.0,(219Mhz),1,(2016Mhz),1,(1258Mhz),5,(3258Mhz),1,(1280Mhz),1,1 (16.0GT/s x16),231.0
1786230526.197257597,card0,54.0,92.0,60.0,(219Mhz),1,(2016Mhz),1,(1258Mhz),5,(3245Mhz),1,(1280Mhz),1,1 (16.0GT/s x16),268.0
1786230527.279233415,card0,54.0,93.0,60.0,(219Mhz),1,(2016Mhz),1,(1258Mhz),5,(3280Mhz),1,(1280Mhz),1,1 (16.0GT/s x16),263.0
1786230528.358694686,card0,55.0,90.0,60.0,(219Mhz),1,(2016Mhz),1,(1258Mhz),5,(2961Mhz),1,(1280Mhz),1,1 (16.0GT/s x16),293.0
1786230529.440516112,card0,55.0,90.0,62.0,(219Mhz),1,(2016Mhz),1,(1258Mhz),5,(2973Mhz),1,(1280Mhz),1,1 (16.0GT/s x16),306.0
1786230530.527610452,card0,56.0,87.0,62.0,(219Mhz),1,(2016Mhz),1,(1258Mhz),5,(2694Mhz),1,(1280Mhz),1,1 (16.0GT/s x16),297.0
1786230531.606835900,card0,57.0,81.0,63.0,(219Mhz),1,(2016Mhz),1,(1258Mhz),5,(2981Mhz),1,(1280Mhz),1,1 (16.0GT/s x16),367.0
1786230532.689771385,card0,57.0,80.0,64.0,(219Mhz),1,(2016Mhz),1,(1258Mhz),5,(2654Mhz),1,(1280Mhz),1,1 (16.0GT/s x16),308.0
1786230533.771385776,card0,58.0,79.0,64.0,(219Mhz),1,(2016Mhz),1,(1258Mhz),5,(2782Mhz),1,(1280Mhz),1,1 (16.0GT/s x16),331.0
1786230534.854411332,card0,58.0,78.0,65.0,(219Mhz),1,(2016Mhz),1,(1258Mhz),5,(2676Mhz),1,(1280Mhz),1,1 (16.0GT/s x16),272.0
1786230535.937186815,card0,58.0,81.0,65.0,(219Mhz),1,(2016Mhz),1,(1258Mhz),5,(3193Mhz),1,(1280Mhz),1,1 (16.0GT/s x16),140.0
1786230537.018907406,card0,58.0,80.0,66.0,(219Mhz),1,(2016Mhz),1,(1258Mhz),5,(2618Mhz),1,(1280Mhz),1,1 (16.0GT/s x16),255.0
1786230538.103679568,card0,59.0,83.0,67.0,(219Mhz),1,(1978Mhz),1,(1124Mhz),4,(3255Mhz),1,(1200Mhz),1,1 (16.0GT/s x16),171.0
1786230539.186888834,card0,58.0,90.0,64.0,(219Mhz),1,(1978Mhz),1,(1124Mhz),4,(3268Mhz),1,(1200Mhz),1,1 (16.0GT/s x16),180.0
1786230540.269447413,card0,57.0,90.0,64.0,(219Mhz),1,(1978Mhz),1,(875Mhz),3,(3291Mhz),1,(1200Mhz),1,1 (16.0GT/s x16),170.0
1786230541.351432185,card0,57.0,90.0,62.0,(219Mhz),1,(1410Mhz),1,(772Mhz),2,(3313Mhz),1,(800Mhz),1,1 (16.0GT/s x16),169.0
1786230542.434416377,card0,57.0,90.0,62.0,(219Mhz),1,(1978Mhz),1,(1124Mhz),4,(3298Mhz),1,(1200Mhz),1,1 (16.0GT/s x16),186.0
1786230543.518064275,card0,57.0,85.0,63.0,(219Mhz),1,(2016Mhz),1,(1258Mhz),5,(2672Mhz),1,(1280Mhz),1,1 (16.0GT/s x16),362.0
1786230544.602341500,card0,58.0,78.0,66.0,(219Mhz),1,(2016Mhz),1,(1258Mhz),5,(2602Mhz),1,(1280Mhz),1,1 (16.0GT/s x16),276.0
1786230545.686831136,card0,58.0,82.0,66.0,(219Mhz),1,(2016Mhz),1,(1258Mhz),5,(3204Mhz),1,(1280Mhz),1,1 (16.0GT/s x16),258.0
1786230546.769436693,card0,58.0,95.0,65.0,(219Mhz),1,(2016Mhz),1,(1258Mhz),5,(3274Mhz),1,(1280Mhz),1,1 (16.0GT/s x16),253.0
1786230547.850792935,card0,58.0,88.0,65.0,(219Mhz),1,(2016Mhz),1,(1258Mhz),5,(2868Mhz),1,(1280Mhz),1,1 (16.0GT/s x16),328.0
1786230548.931429280,card0,59.0,80.0,66.0,(219Mhz),1,(2016Mhz),1,(1258Mhz),5,(3024Mhz),1,(1280Mhz),1,1 (16.0GT/s x16),330.0
1786230550.010800952,card0,60.0,81.0,66.0,(219Mhz),1,(2016Mhz),1,(1258Mhz),5,(2928Mhz),1,(1280Mhz),1,1 (16.0GT/s x16),302.0
1786230551.091888170,card0,60.0,81.0,67.0,(219Mhz),1,(2016Mhz),1,(1258Mhz),5,(2985Mhz),1,(1280Mhz),1,1 (16.0GT/s x16),286.0
1786230552.171170580,card0,60.0,81.0,68.0,(219Mhz),1,(2016Mhz),1,(1258Mhz),5,(3064Mhz),1,(1280Mhz),1,1 (16.0GT/s x16),297.0
1786230553.255419991,card0,61.0,84.0,68.0,(219Mhz),1,(2016Mhz),1,(1258Mhz),5,(3107Mhz),1,(1280Mhz),1,1 (16.0GT/s x16),295.0
1786230554.337897792,card0,61.0,85.0,68.0,(219Mhz),1,(2016Mhz),1,(1258Mhz),5,(3094Mhz),1,(1280Mhz),1,1 (16.0GT/s x16),297.0
1786230555.420482545,card0,61.0,85.0,68.0,(219Mhz),1,(2016Mhz),1,(1258Mhz),5,(3163Mhz),1,(1280Mhz),1,1 (16.0GT/s x16),321.0
1786230556.503698074,card0,62.0,86.0,68.0,(219Mhz),1,(2016Mhz),1,(1258Mhz),5,(3145Mhz),1,(1280Mhz),1,1 (16.0GT/s x16),220.0
1786230557.585488157,card0,62.0,85.0,68.0,(219Mhz),1,(2016Mhz),1,(1258Mhz),5,(3251Mhz),1,(1280Mhz),1,1 (16.0GT/s x16),183.0
1786230558.663878105,card0,61.0,86.0,68.0,(219Mhz),1,(2016Mhz),1,(1258Mhz),5,(3163Mhz),1,(1280Mhz),1,1 (16.0GT/s x16),243.0
1786230559.751382656,card0,62.0,86.0,68.0,(219Mhz),1,(2016Mhz),1,(1258Mhz),5,(3108Mhz),1,(1280Mhz),1,1 (16.0GT/s x16),199.0
1786230560.833893706,card0,61.0,85.0,68.0,(219Mhz),1,(2016Mhz),1,(1258Mhz),5,(3217Mhz),1,(1280Mhz),1,1 (16.0GT/s x16),219.0
1786230561.916958671,card0,62.0,86.0,68.0,(219Mhz),1,(2016Mhz),1,(1258Mhz),5,(3159Mhz),1,(1280Mhz),1,1 (16.0GT/s x16),244.0
1786230562.996253786,card0,62.0,86.0,68.0,(219Mhz),1,(2016Mhz),1,(1258Mhz),5,(3135Mhz),1,(1280Mhz),1,1 (16.0GT/s x16),215.0
1786230564.078168158,card0,62.0,89.0,68.0,(219Mhz),1,(1978Mhz),1,(1124Mhz),4,(3247Mhz),1,(1200Mhz),1,1 (16.0GT/s x16),165.0
1786230565.161607606,card0,62.0,92.0,68.0,(219Mhz),1,(1978Mhz),1,(1124Mhz),4,(3280Mhz),1,(1200Mhz),1,1 (16.0GT/s x16),184.0
1786230566.239634966,card0,61.0,77.0,66.0,(219Mhz),1,(1537Mhz),1,(875Mhz),3,(856Mhz),1,(872Mhz),1,1 (16.0GT/s x16),47.0
